Zona,Nome,Domicílios,Famílias,População,Matrículas Escolares,Empregos,Automóveis Particulares,Viagens Produzidas,Viagens Atraidas,Área (ha)
1,Sé,1150.9999999999993,1150.9999999999993,3262.0009494874607,6363.217715389084,71852.31353181132,325.53291587550825,160502.92521566618,160157.4863494384,57.1
2,Parque Dom Pedro,2341.9999999999995,2341.9999999999995,5695.000762383937,1433.3185156196905,51853.737311350895,890.6975723572765,137231.73543004034,138306.41067382233,113.64
3,Praça João Mendes,7100.000000000002,7100.000000000002,17130.00098039034,2398.5314027814866,18547.346833502732,1166.0063092034934,62970.99098170217,62502.83703684561,47.75
4,Ladeira da Memória,12588.000000000004,12588.000000000004,24088.998880053732,1126.7436910549106,22553.940603619165,3400.885136935576,78183.96894394392,78285.56227473503,75.11
5,República,8049.9999999999945,8049.9999999999945,14955.999880214296,1726.8524736599243,89486.65549471039,1737.2514752504978,186219.61619820734,187152.7435147855,74.95
6,Santa Ifigênia,9410.999999999998,9410.999999999998,21989.00059147639,2039.1094514794825,38371.92227216261,1445.1130897998264,109791.17294692795,109350.5176533555,82.93
7,Luz,6341.999999999997,6341.999999999997,18209.995750444454,6873.4733078227655,35047.910960032146,2400.90882061722,93161.01507923221,93680.53651050992,154.6
8,Bom Retiro,3834,4110.698863636364,12251.99773752632,3280.2709721931087,15080.15718945083,1747.866791484874,40222.70576295953,40169.99649937426,143.01
9,Ponte Pequena,2266.9999999999986,2266.9999999999986,7456.00014202449,6413.184730618952,16492.381602722016,486.55173706490314,36268.81162784799,36521.87674854952,129.78
10,Canindé,466.99999999999966,466.99999999999966,1619.0002170451885,7047.86518514606,6712.764847309401,134.03085184750674,23889.95931835155,24030.45511723238,82.61
11,Bom Jardim,932.0000000000002,932.0000000000002,2712.999994937437,1471.3935617402644,3901.410578596861,488.4855444288413,11403.040671952214,11380.795570512317,49.85
12,Pari,4740.999999999997,4740.999999999997,14380.999094659966,1928.3395045251634,21067.959372324636,2084.8062021296373,46135.833339988145,44923.8245121851,140.16
13,João Teodoro,422.9999999999996,422.9999999999996,1435.000044428571,265.72783303987296,9281.378684772251,102.78916783371858,25130.768333272288,24561.557249880327,39.32
14,Oriente,1103.9999999999998,1103.9999999999998,3337.0009864856365,1959.23495407147,27938.663789590002,329.0788326696043,66495.62971835246,66780.26558617088,69.88
15,Bresser,3147.999999999999,3247.199999999999,8427.002106090249,162.27759497393947,14171.345249603895,896.9426265629598,36166.775301739806,36241.32316915031,76.98
16,Brás,4588.999999999998,4588.999999999998,12116.998047578245,3420.1808372342657,18484.307861368434,2245.8134932039957,48646.569966726966,48197.18268553806,109.08
17,Gasômetro,2410.9999999999977,2430.0684931506826,6980.000320568813,5503.786561600209,9360.816206657582,596.7028380356475,31624.58760933217,31507.23451079156,69.35
18,Independência,6592.000000000005,6592.000000000005,19240.0040157053,3762.0388930393856,24089.52419759945,3672.2480467540945,74507.02074559285,73237.65524319759,253.75
19,Cambuci,7489.999999999997,7489.999999999997,20732.000136909857,4590.207077597447,16447.865147865654,5234.657844651965,57680.33915294763,57902.827029774664,140.43
20,Glicério,9041.999999999989,9041.999999999989,23063.00480262587,3613.5105319772424,8158.924078981348,6862.36186096597,47082.80823037304,46029.6808153663,108.02
21,Aclimação,7403.9999999999945,7403.9999999999945,18690.99852000165,3860.2571525482354,9685.045909260825,5516.603380406325,44430.90833198676,44317.66707874246,113.62
22,Pires da Mota,5995.999999999995,5995.999999999995,13623.001430545324,4512.959828715835,8424.706077204735,3262.6538362983365,37043.16796863889,37238.86695390178,50.03
23,Centro Cultural,2553.000000000001,2553.000000000001,5331.99973540928,33075.50215161829,17914.649866048523,1278.671486065945,74016.10919403392,73687.63712636412,33.24
24,Liberdade,5364,5364,11423.003905438296,53167.87706391667,17996.0499665112,1658.9409755298127,89697.85484793592,89533.85004726038,59.49
25,Treze de Maio,7996.000000000005,7996.000000000005,18401.001992743695,4010.219737943772,12141.892768926235,2582.2160582339047,40630.192399124695,40829.29745464784,42.85
26,Bexiga,6374.999999999993,6493.77777777777,14280.998610185496,8563.592477409027,13420.446270920127,2564.1997216553405,54507.55871665533,54680.5144826318,51.76
27,Bela Vista,7635.9999999999945,7635.9999999999945,17536.002295964,12922.33884931889,44855.22186683422,6619.564535741291,117797.3972598175,120314.56170110233,93.8
28,São Carlos do Pinhal,4410.999999999995,4410.999999999995,9068.002108708817,8922.064040180165,28432.50185141708,2737.5055402899343,76171.40059479355,76771.9316302784,31.03
29,Masp,7089.000000000018,7089.000000000018,13250.99860126561,4904.0371667538675,45410.777551617546,2916.115504179699,94937.83853297732,94788.10257373765,57.27
30,Higienópolis,9038.00000000002,9196.695652173934,19455.002787917765,3795.680151290799,18582.81664913395,7884.469377808837,63114.97237958855,62730.41594613193,67.81
31,Vila Buarque,11258.999999999996,11258.999999999996,20033.99486197098,37088.2997890219,27102.27124395895,5013.883455757115,119031.88562667594,119388.30728434729,89.58
32,Consolação,4589.999999999993,4589.999999999993,8555.99942142811,15091.119700766923,48236.822235074025,2586.566203246182,112133.39109415989,112551.62686642556,57.23
33,Pacaembu,586.9999999999997,586.9999999999997,1838.9995572777755,541.1680183315144,3126.4560908506855,865.2049522471866,6929.114685323867,6926.538731698667,90.45
34,FAAP,3191.0000000000086,3191.0000000000086,7555.997912544761,5442.674020365549,9964.865900859273,3655.326873829225,31857.154660851436,32882.91114979908,74.45
35,Santa Cecília,19105,19105,40031.99633529345,8462.314896347698,35793.44213773376,6480.669091418315,114334.89756116125,112257.45387131268,144.09
36,Marechal Deodoro,18909.000000000047,19000.59493670891,43094.01395977993,11004.096370398676,33133.339432968016,11358.697897130072,112647.96452415266,112541.73648926978,142.2
37,Rudge,1525.0000000000014,1525.0000000000014,4606.999914926391,2543.826128195675,19019.62328951899,1119.0183143855427,33774.45864048946,33550.84531735815,84.73
38,Catumbi,1074.0000000000005,1095.4800000000005,3785.999945914277,2262.9976260383196,5130.046688041475,747.1833322534277,12175.159267695908,12154.366190642133,81.44
39,Belém,3087.0000000000023,3087.0000000000023,9356.997325560114,3216.08261921129,8951.509292758063,2038.887265883187,27108.133546165347,25581.696296374288,160.71
40,Quarta Parada,2593.000000000002,2593.000000000002,7877.9992017569275,5999.400948892964,17654.48419231728,1380.8144935891573,42265.520497762336,42954.454999085,127.4
41,Belenzinho,7267.999999999996,7452.444444444441,22050.995574699242,7724.286506378645,24408.428347738496,4258.336143125069,81301.18056942768,80983.99740739478,180.11
42,Celso Garcia,1537,1537,5328.000946346412,384.773664785768,8744.567633493147,430.7319724836764,29354.749478367274,29251.652032853242,63.89
43,Mooca,10101.999999999996,10101.999999999996,27958.003975886208,37811.951541220566,23691.956953964458,8922.12590204116,109331.65440376377,110111.54064133407,271.79
44,Alto da Mooca,6583.000000000005,6583.000000000005,18349.998552057088,4063.738575532786,18042.39256171893,4607.441845567984,60317.151066520746,61150.68532359289,141.65
45,Parque da Mooca,11979.00000000001,11979.00000000001,33270.99908202997,5702.54986578813,33481.76331497531,12165.649795325015,98719.83751456231,97368.92575450744,381.42
46,Água Rasa,12266.999999999987,12882.677419354824,36269.995916913154,9681.77249255397,16581.912861666704,7618.619875301928,71849.86959616301,70872.7056393425,315.81
47,Vila Bertioga,8193.999999999998,8193.999999999998,23003.00545165133,2050.2736840929865,11976.569534620556,9051.895842742108,43442.2832863178,43354.70097399902,195.28
48,Regente Feijó,8523.999999999996,8523.999999999996,23924.0026197963,5797.65826524731,14867.23667845424,6105.386003384078,49161.13537264389,48901.546274085624,203.96
49,Ana Rosa,5875.999999999999,5875.999999999999,13385.99781599465,6181.500523860155,20009.15181793116,3929.476104063084,60199.37000708398,60826.87720282865,94.46
50,Jardim da Glória,3276.0000000000027,3276.0000000000027,8896.000932939416,1651.2676043778285,1845.1503545589858,3573.7103393248294,16801.993863071653,16888.767777315934,88.43
51,Chácara Klabin,6122.999999999995,6122.999999999995,16084.99598618604,2587.270208237292,7165.075912095706,4664.496183157899,29960.025013614082,29886.864421494676,97.57
52,Vila Mariana,4576.000000000001,4576.000000000001,10145.002567346995,7767.921590535452,14736.199379080601,4789.223606424874,41975.58599771021,40952.233179382245,59.61
53,Santa Cruz,5139.999999999996,5139.999999999996,13292.99972980643,9056.474302727871,23051.83555668479,5271.13334538324,65778.19362985733,66980.52284843932,108.52
54,Vila Clementino,3901.9999999999895,3901.9999999999895,8714.999977770221,4282.661740502998,29724.50152984551,2867.6673959741543,89898.16243083458,91571.20692985183,93.7
55,França Pinto,6384.000000000006,6384.000000000006,15517.99882478959,10614.812530526713,15677.571220787024,6203.471885294031,50465.5566954177,51186.38453415717,112.14
56,Rodrigues Alves,9697.000000000011,9895.633333333346,21616.997227398442,9888.344172322275,22142.70074780297,5906.607421539479,76852.8886974449,77327.07068637303,103.55
57,Paraíso,10462.000000000011,10462.000000000011,24334.003020127286,4744.960200353616,45145.37572375066,9244.959049191779,110614.69017007787,111325.90810929053,96.28
58,Bosque da Saúde,12094.000000000018,12094.000000000018,30779.003203408378,3320.338001498407,16427.782880175775,12205.050082171529,55639.292749238906,55561.98631766584,169.91
59,Saúde,20718.000000000022,20718.000000000022,52745.006970266884,15869.851849457438,31651.204981442017,13546.154744883768,164461.0848284256,164995.066650818,260.81
60,Planalto Paulista,8101.999999999999,8316.188166288928,22059.003402846392,4252.065745748338,15387.840494720309,8597.492755864816,69348.08386544921,68317.91355150264,321.66
61,Mirandópolis,12065.000000000011,12065.000000000011,28099.993287156034,13447.704122019293,18734.65940742273,10219.976930351148,76080.77724748837,76112.45726428261,173.45
62,Parque Ibirapuera,1993.000000000002,1993.000000000002,4564.998436564652,652.4851677430705,19994.557174271642,2086.183498737491,48736.60968642394,48605.6233963577,283.7
63,Jardim Luzitânia,635.0000000000013,635.0000000000013,2098.9993800421857,1270.8611776463854,12649.821571590575,921.6140479622989,38143.89198205424,37065.20314908361,103.07
64,Moema,14874.999999999989,14874.999999999989,33385.98732780712,3989.6735882351004,41271.79185827125,15218.468708606837,104605.77872149093,106168.388723943,175.13
65,Vila Helena,11980.000000000013,11980.000000000013,26860.004314859492,9629.626899278828,17555.722030927653,15422.916260221607,68331.16389711492,68562.11046521488,104.82
66,Bandeirantes,4813.0000000000055,4813.0000000000055,10923.000591372636,3580.5474231826147,22527.35233511956,5858.310737203057,59938.22902696555,60911.87466368645,133.42
67,Vila Nova Conceição,4444.9999999999945,4444.9999999999945,10573.997950041825,1151.177434041303,8764.897354555278,4642.428860222645,32704.718824019612,32633.250708882664,112.48
68,Chácara Itaim,12783.00000000003,12783.00000000003,27460.006315665203,6212.574017878067,73565.53744555415,11339.081461771813,171850.85476046725,171155.57491878633,204.01
69,Vila Olímpia,4948,4948,10021.002061054964,2980.9220696721345,23462.649918484887,4451.0568042799905,60725.74184337279,60724.555870677825,89.63
70,Hélio Pelegrino,5368.999999999996,5368.999999999996,11703.000858148334,10183.85821153345,20323.97815217431,6417.755916349251,54595.73816581138,55146.431783735665,103.38
71,Brooklin,11744.999999999995,11744.999999999995,28442.99594774994,3257.2276119451744,20615.47567264783,12438.796216036037,66695.67299847561,66382.41476983218,234.25
72,Vila Cordeiro,3919.0000000000014,3919.0000000000014,10091.997595285718,9615.226511112822,24449.57860960674,3855.887954084445,60937.01387368466,61039.91836720324,176.69
73,Berrini,3767.999999999999,3767.999999999999,8757.998885794874,919.5136040623876,97732.58740415236,2820.1668670438426,181294.8448008051,181206.42127086502,197.39
74,Campinas,6130.999999999995,6130.999999999995,12765.000063232812,3249.8130708156177,36233.441441772884,5493.541940499029,76617.19509618978,76247.2037468883,49.08
75,Pamplona,6835.999999999995,6835.999999999995,14277.00162993033,1979.0863783557409,12564.188494707818,7612.03967734076,42750.295071565146,42544.78942800895,51.34
76,Jardins,4290.9999999999945,4290.9999999999945,10907.997288915241,1217.8406862595962,23678.630551972674,5685.251226479768,50711.40724242791,50644.04194660165,237.7
77,Clínicas,10526.000000000015,10526.000000000015,21005.997850578937,6901.299082450118,38950.236221612446,7639.870225952111,95985.66862070376,95297.41668168013,128.72
78,Oscar Freire,9507.999999999993,9507.999999999993,20775.99702245952,456.62369236726624,24932.033180928855,7501.4719394641,58219.55726740432,58334.116939647945,100.01
79,Trianon,5109.9999999999945,5109.9999999999945,10689.999345714463,5602.310203452136,46194.10076768983,4586.923200549098,125391.28346531362,125692.00262021576,59.81
80,Jardim Paulistano,9192.999999999984,9192.999999999984,19691.003868990934,3522.099624826863,27552.617368286898,6523.9707101884305,80847.93954765686,81175.10264393402,98.98
81,Jardim Europa,4838.999999999993,4838.999999999993,12650.004106529834,697.1272668807269,41640.85315054142,6976.034446170821,87420.92409450353,87755.52026325157,308.02
82,Pinheiros,4937.000000000001,4937.000000000001,11261.998490300522,12715.096486143322,75073.81991800875,3252.404169725115,163842.16346493663,164357.02329119778,202.58
83,Vila Madalena,9703,9703,22275.002648565438,5505.94105572697,27800.52610910101,8226.637773165656,90155.96257868699,90206.61190688715,219.31
84,PUC,7093.999999999981,7093.999999999981,16556.998749690243,9526.912531652466,12763.011542125529,6905.333589381243,54588.35515031925,54705.38122422695,73.32
85,Cardoso de Almeida,1837.0000000000018,1837.0000000000018,5033.00047184374,2171.259844980085,3259.1454934310477,2500.295753684812,20366.837952624646,20349.70942042618,63.39
86,Zequinha de Abreu,1563.9999999999982,1563.9999999999982,3729.000414073618,529.2704000649934,3903.0201344659918,1240.5544220613174,10328.011543237157,10246.127831367565,49.61
87,Sumaré,6892.9999999999545,6892.9999999999545,16353.9974607735,2773.9766327818775,10844.02310403808,6241.022010601466,44504.128315823575,44601.097076330516,139.16
88,Perdizes,18964.999999999978,18964.999999999978,45356.005443789036,5280.207359130842,24112.8867070184,15820.130685263159,103953.43659049847,104612.01941015088,168.45
89,Vila Anglo Brasileira,5505.000000000001,5505.000000000001,13992.998610738096,659.8895137804409,5442.40183760311,5443.376477891472,20619.17317051529,20845.723636170256,79.12
90,Pompéia,5667,5667,13232.002021212233,2745.425284853548,9741.088010871143,5542.547480867166,45062.95843850526,45059.192696917955,60
91,Santa Marina,677.0000000000007,677.0000000000007,2350.0000061615606,18915.12476582533,24396.12769606231,351.4918981905815,61474.679978647604,62315.23491460334,295.36
92,Barra Funda,107.00000000000001,107.00000000000001,324.00006542307784,1078.3795973151791,12924.790105043741,76.62946596804377,31516.811629678097,30812.872179046317,118.21
93,Francisco Matarazzo,3843.9999999999936,3843.9999999999936,9031.998002610355,56837.98245272567,30494.76092205369,2945.746304017852,119917.0148155415,118684.74710412766,105.13
94,Água Branca,1660.0000000000007,1660.0000000000007,3993.0010510130487,4180.371007676953,19561.279613564835,1300.0738970561629,53822.761827858645,53672.99161205458,71.11
95,Vila Beatriz,6941.000000000008,6941.000000000008,17656.997384011152,3871.193154469844,9648.569588182385,7405.912202055311,42510.09613317484,42411.31480431859,183.66
96,Alto de Pinheiros,2369.999999999997,2369.999999999997,7210.997435105571,3765.2308439049707,11978.736774278914,3355.125493194623,33927.257123895346,33760.832349060256,253.17
97,Boaçava,6266.000000000008,6266.000000000008,16610.001148224314,1638.3902439787998,13938.825998479238,7687.534867815926,43776.22089168932,43380.34465376752,314.44
98,Vila Anastácio,910.0000000000007,910.0000000000007,2451.9996625185177,839.2333924523454,8500.445076848031,567.9379058502063,15802.312690513787,15872.45186714944,164.66
99,Lapa de Baixo,3022.999999999996,3174.2307692307654,8119.998995533063,1790.033159595133,22936.223262890595,2428.852521869504,43635.6758591628,43479.47551733737,242.69
100,Lapa,7393.999999999999,7393.999999999999,19354.003478877657,17372.992660171105,40417.124602495125,5697.660752676937,149671.00514203307,149661.13104667183,225.22
101,Vila Ipojuca,8354.000000000007,8354.000000000007,21857.99902656253,3688.3821932268306,10990.834399983985,6745.692522508526,47542.95274989314,46914.601098836254,168.47
102,Alto da Lapa,4763.000000000001,4804.941176470589,12643.00291627842,3136.6240394952088,8176.123631749208,6114.684221328375,31747.122951304773,32175.12397898123,159.95
103,Gavião Peixoto,888.9999999999998,888.9999999999998,2621.999746226602,1713.338137239314,2921.9536841245917,874.5026733707623,11489.364780151313,11592.668822119473,68.96
104,Bela Aliança,2764.0000000000064,2764.0000000000064,7064.000997844959,3221.0246023096747,3616.9010366345974,3776.64879714432,17968.887598930138,17846.254448044194,71.35
105,Vila Hamburguesa,5319.000000000002,5319.000000000002,14439.002568836073,6369.178775954839,16512.709472485076,6959.446050803326,47704.53500120471,48599.072819593435,149.18
106,CEASA,1103,1103,3921.0006264222716,54.25797775752535,20953.700020454162,318.9306638848302,30808.810139172296,31592.170239359886,197.78
107,Vila Leopoldina,5815.999999999999,5815.999999999999,15212.995782364498,9141.358381394584,12845.297849807423,6395.497380805945,50269.45532751729,50327.64275544549,91.65
108,Emissário,1117,1144.3636363636365,3450.999538899996,392.9765591555385,15544.419320408819,674.2092957067291,25829.60854076856,26139.651117544494,190.52
109,Vila Zatt,39388.000000000044,39388.000000000044,120118.0268848807,23983.22861306498,34385.11243281499,25735.615713653577,180626.04074578034,182059.8217815122,1220.22
110,Pirituba,18163.99999999999,18163.99999999999,50451.00197506108,10862.631942195032,17120.610989427587,11394.514894441187,90591.78004799715,91544.56453549373,488.92
111,São Domingos,17780.999999999996,17780.999999999996,50922.99884722865,8321.445836514331,17726.867787885625,12679.543378067543,83424.50650276215,84136.1378508399,581.76
112,Jardim Mutinga,11057.999999999993,11057.999999999993,35151.99781334352,5570.168081058219,13884.225883806475,6007.6524193541,58622.32181568687,57527.165784044984,411.97
113,Vila Jaguara,8078.000000000002,8078.000000000002,24154.00312712873,7036.202550737735,18371.816754632328,7529.038023400455,57544.361262130245,57574.8641134019,454.34
114,Parque do Jaraguá,0,0,0,0,210.67466585714286,0,238.7222365598744,238.7222365598744,489.12
115,Nova Jaraguá,15147.000000000005,15147.000000000005,49094.01203233629,13205.339681730475,12784.818489872509,7318.895343936633,69991.68098426252,69929.50956804043,777.78
116,Parada de Taipas,49540.99999999999,49989.97045890643,157907.01543658596,42259.10132765029,32183.3820132262,26620.96971858105,240275.482080875,239599.25623496366,1553.24
117,Parque Morro Doce,21234.99999999998,21513.66666666665,64094.984570015746,12209.23025516704,16538.322885817506,11299.076075973617,59857.67247139885,60160.53257559541,1527.16
118,Anhanguera,5391.999999999998,5391.999999999998,16752.002489584764,3386.812343731825,4006.7385054693214,4078.3616507988736,21675.91409277727,22055.29173662306,1812.79
119,Perus,26735.000000000004,26735.000000000004,87245.99205993752,24446.18468578558,13968.77776993503,13251.667840119782,110913.23755508535,111878.99816976972,2369.13
120,Vista Alegre,0,0,0,0,0,0,0,0,742.47
121,Jardim Damasceno,27338.000000000004,27338.000000000004,90272.98410374188,14284.897495596037,15690.544230970701,12057.79237164966,94656.76146621643,94614.92796473067,573.73
122,Vila Souza,15428,15428,49952.99132194722,8099.698271071752,9609.519309277466,5884.779058498611,72393.53345176214,72941.03525574134,220.86
123,Vila Terezinha,22608.000000000025,23423.08730158733,73066.00769549992,12034.712681635452,9607.899951627682,7814.412684727734,84917.5042438368,84003.53041729987,250.78
124,Brasilândia,21393.000000000004,21393.000000000004,64866.00346277708,20521.133987036323,17658.49718230602,12274.293839578793,128768.79488635542,130233.77189662794,318.28
125,Vila Morro Grande,17246,17573.380952380954,52600.010878647154,11263.747721780992,12369.774538792215,9401.323228930853,80134.91027111873,80143.66015126526,413.07
126,Itaberaba,11011.000000000004,11011.000000000004,34079.00444128029,5963.050018609518,12029.552982989988,9403.89790035982,71927.69847287862,71873.06762958926,207.42
127,Freguesia do Ó,18734.000000000004,18734.000000000004,53941.01374380962,12871.92141147833,19889.017079777823,14962.120163303453,128457.19913304882,128144.80551208628,485.85
128,Carandiru,673.9999999999992,673.9999999999992,1793.9996946044328,3437.83793030826,13692.23273811404,420.10135268088305,35899.11850641848,35757.181068690035,38.03
129,Santana,1769.000000000002,1769.000000000002,4596.000568819633,3753.9004514658272,14458.274654717989,1100.7769926642263,62381.412701094545,62718.385846287936,54.36
130,Zaki Narchi,908.9999999999993,908.9999999999993,3273.9998646409285,934.2735328374765,3858.7716057757093,258.0461174120448,9669.303800144195,9661.800525481527,71.32
131,Tietê,433,433,1227.0002454999988,4404.628039481233,10907.325006407522,238.89159283762643,32353.02743459931,32060.42668070245,78.6
132,Parque Anhembi,0,0,0,2323.729216270684,3871.103424496129,0,14652.359488966185,14873.929375792362,313.52
133,Alfredo Pujol,13684.000000000002,13684.000000000002,36441.997706333306,8596.036483826669,20365.911227481283,11400.090966471533,91463.78863528983,92116.78403116245,215.07
134,Santa Terezinha,10038.000000000002,10038.000000000002,28827.00411102084,9579.932418956996,14705.982461870122,8767.758953461758,74017.9354054615,72693.09260178404,251.08
135,Jardim São Paulo,13643.000000000018,15631.583333333356,38163.00097314173,8502.945010656284,17444.77603870817,9479.523869339395,83855.49507310477,83664.99347551746,291.23
136,Casa Verde,11225.000000000002,11225.000000000002,32569.995734280234,10751.701380877352,23470.70050855437,8835.193187348155,90249.26856612701,90271.4248121069,325.35
137,Parque Peruche,17062.000000000004,17062.000000000004,53438.98622586561,7934.786846271445,20887.263973868918,11767.5811707753,106218.63693952505,106878.47951147775,391.87
138,Limão,2395.000000000001,2440.4615384615395,7855.001578314094,1289.610732967949,12056.851109605053,1465.9167402244789,33391.55043681765,34556.697782832416,171.8
139,Jardim Primavera,8139.999999999999,8139.999999999999,24309.007751800204,6250.100211664927,14167.568288298515,4938.215217737231,62094.31501215103,63023.40718269812,192.75
140,Vila Santa Maria,15199.000000000018,15199.000000000018,47390.9904445486,11153.675920492084,16236.63681845737,8582.090952287557,90856.93687572792,89826.11125895425,277.94
141,Cachoeirinha,26057.000000000007,26621.190476190484,79276.01251234312,20535.554041979896,21852.905444577504,16037.729373196176,160498.00379289067,160705.38128937667,478.58
142,Jardim Peri,20265.999999999996,20265.999999999996,66323.9850593711,6352.238051396451,17674.195497034503,10023.996495564716,97862.17421615869,98199.01852792819,443.68
143,Reserva da Cantareira,0,0,0,0,0,0,0,0,436.61
144,Mandaqui,36482.999999999985,36482.999999999985,104525.98731106918,11676.572895139256,30089.91143501143,29568.49416336395,163855.49212740327,163686.51045749942,552.45
145,Horto Florestal,1504.0000000000005,1574.7333333333338,4480.000077751571,3544.305581407798,2392.4244356767367,1397.623242585117,19530.355937584154,20272.279717886668,342.18
146,ETA Guaraú,0,0,0,0,0,0,0,0,428.67
147,Parque Palmas do Tremembé,10874.000000000007,10874.000000000007,33902.00641661504,4625.032383874754,13310.50660838923,8914.907109585603,73488.76010174605,72374.44942754597,407.03
148,Tremembé,7809.000000000005,7809.000000000005,22868.997519097677,6902.872634852289,7835.948802261888,4430.916540289149,48887.01266869335,48863.887539272706,331.62
149,Cantareira,0,0,0,0,68.44721766666667,0,427.66670686254383,427.66670686254383,2886.45
150,Jardim das Pedras,15290.99999999999,15290.99999999999,51557.99974668102,7628.351090071369,10269.41687562238,6703.424114852123,62177.95598251354,63545.04923627857,1609.01
151,Jardim Guapira,33624.000000000015,33624.000000000015,109628.97507201582,15201.124341311657,21010.539377635225,16770.269390893973,179032.8917891848,179177.52979751374,548.53
152,Parada Inglesa,12153.999999999993,12153.999999999993,35168.998499342866,12758.83314229358,14572.714128387806,6875.355918338941,79982.29003549044,79456.26058330557,242.67
153,Tucuruvi,5703.000000000004,5703.000000000004,16283.997597558558,8217.957148840429,10765.15073855734,5639.529478460871,41115.211955795734,41426.0617923609,358.5
154,Vila Gustavo,15796.999999999989,15796.999999999989,45464.99967845768,9330.445467375823,17161.78427153294,13605.303227751285,101085.51446681695,100299.70226352807,345.8
155,Cohab Jova Real,9265.000000000002,9265.000000000002,32242.00485345857,3981.5186069380734,6320.03411691705,4586.699593305786,42597.896792673346,42603.70378846815,254.58
156,Jaçanã,14464.000000000013,14464.000000000013,43910.009589090165,12215.916964840553,17611.0509246491,11083.352692500035,88607.62220428218,88273.47501393821,386.23
157,Parque Edu Chaves,6229.999999999998,6229.999999999998,19629.00426499985,4883.786954997798,6985.347149890225,2575.9402802720624,34206.03857500546,34593.76141370308,109.91
158,Vila Medeiros,19960.999999999996,19960.999999999996,60458.993230824024,8068.918382458971,7927.765206744903,9458.45153019422,74902.55958168778,75869.47509117924,335.02
159,Jardim Brasil,20205.999999999996,20205.999999999996,64170.995068863056,9561.593562667105,29202.79043806556,10554.826134151295,101954.2314695418,100394.21844514203,454.37
160,Jardim Japão,17245,17245,50672.00784981412,6995.652324624061,12696.597695428982,11537.003761574591,55473.27730408917,53498.03799513383,396.23
161,Parque Novo Mundo,14724,14724,47296.99723220994,6424.747530424097,33205.59174138952,8274.493159730178,122574.77749193946,121963.1273308646,551.36
162,Vila Maria,5466.999999999998,5466.999999999998,15841.99996212165,22073.058746291183,17823.115941903925,3457.422946776022,68260.8059056575,68767.37219842823,234.12
163,Vila Isolina Mazzei,16125,16125,47519.00533325027,6508.825101723691,17319.490868687608,13020.210399445066,96568.70766694237,97521.80424824078,379.5
164,Vila Guilherme,1878.999999999999,1878.999999999999,5848.997933023814,2434.6396670399745,10506.017811772914,1182.0826030376631,25919.74180229678,25735.218073683227,170.9
165,Coroa,1075.0000000000005,1075.0000000000005,3183.9992980983056,3964.9226728239532,14332.510543197994,602.785970713633,37176.26969140752,37561.618150274044,174.39
166,Gomes Cardim,12310.000000000022,12310.000000000022,32875.99473853073,22802.656983791945,30352.869074559592,10288.730048095034,120135.9883700126,119327.50740075523,243.24
167,Tatuapé,6492.999999999999,6492.999999999999,17439.998311870248,8718.759855746292,37493.46235986181,6142.060935813334,116961.62231652616,118134.33334878305,156.88
168,Chácara do Piqueri,8579.000000000004,8579.000000000004,22501.998470545434,7413.253482502107,22158.51458411184,6533.2912293355985,74133.77566598156,74079.09930406237,198.59
169,Parque São Jorge,8157.000000000007,8157.000000000007,22459.99831070056,44339.98589119594,19027.913227832807,8768.955965744884,86021.89394107142,87276.28354523187,252.07
170,Penha,11594.000000000013,11594.000000000013,34692.99916466048,12886.618640950546,19867.445222934202,7112.38824124384,97700.52071189976,97304.70850724398,384.16
171,Tiquatira,14372.000000000013,14372.000000000013,40666.00365996364,7653.176879952571,14810.388617654444,9458.552547446829,81281.34724613972,81162.08296348916,324.46
172,Vila Esperança,9252.999999999995,9252.999999999995,26788.005271197657,6530.176266870223,11407.846963401465,6818.153006092227,52567.46743787838,51976.1279215042,228.82
173,Vila Ré,8982,8982,26817.99597994046,4995.786883198984,9020.881740260551,4729.661353557219,45559.311203877274,45116.6979857273,208.23
174,Rui Barbosa,15838.99999999999,16193.666666666657,48886.002459603405,14856.113543866199,10105.970655822746,8474.671339144365,86238.87217794693,86039.00660204307,271.23
175,Estação Eng. Goulart,9795.999999999996,9795.999999999996,31791.996407250772,3691.438188701593,10075.215271846655,4999.069894722745,60534.83478570236,60149.95675976683,193.33
176,Cangaíba,15645.000000000005,15645.000000000005,46828.00128745474,8935.782707823248,18677.335272620796,9846.973339571956,58383.50791391227,58502.97503213158,333.53
177,Parque Ecológico do Tietê,3022.999999999997,3249.434782608692,10184.00082765629,538.3396500367164,1894.4566570515062,1259.9260075300454,14347.387861332496,13931.937945210704,530.85
178,USP Leste I,0,0,0,2954.2052274530115,1288.6441311551255,0,3889.2515188828083,3948.552311147009,50.18
179,USP Leste II,0,0,0,0,0,0,0,0,122.83
180,Ermelino Matarazzo,22957.99999999999,23549.764705882342,71108.99781247869,11591.449402073575,14445.149096685556,17402.849019357254,120369.45586844013,119763.48016842842,448.82
181,Parque Buturussu,15110.00000000001,15575.407407407418,46599.98871289391,12626.060795696121,12718.780001563555,9224.356749778113,79905.88905655923,82542.03794307866,371.83
182,Ponte Rasa,15498.999999999998,15498.999999999998,46946.00796838696,9526.12137342207,17054.085472615974,11944.582061241896,63922.05697961908,65454.11512454486,365.36
183,Burgo Paulista,13918.000000000011,13918.000000000011,43658.998736844194,12608.023792776019,7808.231380746192,8787.200753622106,68114.70337757279,67707.39856297024,291.63
184,Limoeiro,7929.000000000007,8241.116129032265,24723.99697529832,2912.422737593737,4976.8829675814395,4528.224217745892,42955.232990791475,42912.17600061641,143.33
185,Laranja da China,9672.000000000005,9672.000000000005,29128.992433769316,4836.380074525707,5015.315417047434,4831.102281947265,29802.257798365903,29892.003577390577,131.72
186,Pedro José Nunes,3860,4195.459523809524,11746.9985937508,2425.7878226155262,2653.808416473284,2729.7560370030246,17713.840363580082,17385.28561592868,86.18
187,Parque Cruzeiro do Sul,15290.000000000004,15290.000000000004,48263.01045780604,8886.90606967955,9958.575903502508,6777.380531102859,62944.19016594152,63153.21539287208,249.91
188,Vila Jacuí,10432.000000000002,10432.000000000002,31081.991824268865,30033.89184791247,8299.011887818422,6965.054826729713,76949.66754115978,77159.66553598097,211.87
189,Parada XV,16043.99999999999,16043.99999999999,48724.999578934105,13113.577689613712,10694.167444717199,8411.300720708248,90505.14320899746,91951.11665006561,324.46
190,Itaquera,10819.999999999989,10819.999999999989,33747.9980911293,13849.791753526712,15389.536518258727,8098.5346140169695,84630.6393851286,83666.52646734403,283.17
191,Arena Corinthians,0,0,0,3029.5201188222,8686.799327600094,0,28461.51347788678,28375.378240323145,140.29
192,Vila Campanela,11981.999999999993,12490.52777777777,38952.99431770036,7252.6121783114595,9378.095773971727,9073.930262376025,51718.49594186847,51556.57017378273,230.53
193,Araucárias,7568.000000000001,7786.190476190478,25664.998603004682,3254.5222477453617,6585.4924281741605,3584.4549323752767,37255.14004856588,37255.14004856589,129.58
194,Parque Guarani,7687.000000000005,7687.000000000005,25845.00017850923,7582.048654033887,4852.3471260368515,3777.4831232641063,33941.88811838457,34318.10612708551,126.45
195,Rio Verde,12109.000000000007,12109.000000000007,37046.99402902401,6147.5913468904455,6255.204494644313,6686.752388742667,48318.10533072753,48275.36790031926,238.76
196,Saudade,11086.999999999998,11194.454545454544,35989.991707434936,7915.479690262595,8339.270208236747,4584.398691934334,50955.86870243478,50650.23283720851,207.28
197,São Miguel Paulista,7580.000000000001,7685.750000000001,24124.002782009567,8537.68276163278,7763.028662522964,4275.7502756601725,50241.60537768136,49809.73080354586,302.65
198,Cidade Nitro-Operária,9488.99999999999,9488.99999999999,29484.991985147637,11233.5005451704,23933.657112375513,5556.98736374104,101521.62362063873,101799.49753230979,357.92
199,Jardim Helena,30922.000000000033,31605.17241379314,101749.96576047984,22635.743422579853,20669.270874913815,20325.682734233076,165444.27999072877,163571.273872829,684.67
200,Jardim Romano,10206.000000000015,10401.969230769246,33295.993276098154,5687.151835621125,9162.415257151957,6294.831267624867,52723.099793626316,52681.62450680979,230.77
201,Vila Curuçá,23993.99999999998,23993.99999999998,74667.00524720832,23127.231730877716,16619.366753708095,11507.252528258763,139755.80908502697,140875.96649312976,503.17
202,Jardim Robru,24524,24524,77629.99295563505,16090.151868189098,11470.875419300877,14011.344886091796,95190.14316530869,94265.89648231254,449.19
203,Lageado,17864.999999999978,18029.185185185164,57057.01263984321,10532.069752075353,8839.779348888504,8381.410922213474,70238.1520585468,69978.86643692957,276.95
204,Fábrica Bandeirantes,35693.999999999985,36109.89654092729,115078.98846072066,25582.957261127092,22880.387855730718,15965.064226293523,168826.83853062065,167121.50582055864,615.33
205,Fazenda Itaim,33135.000000000015,33483.968750000015,107393.01830964714,19520.318465786753,22273.459579216786,16982.063926379324,146698.48033820826,146131.60367383732,462.24
206,Itaim Paulista,15181.00000000001,15181.00000000001,45914.996114050235,15803.597437413868,15898.464783403926,5533.411205607397,101484.03841645375,101053.7478450673,302.19
207,Jardim das Oliveiras,24675.000000000022,24675.000000000022,79026.0110464688,16946.307330605727,16008.001167161918,11138.418562211275,130680.12005304663,130222.6343483478,460.11
208,Vila Califórnia,14706.000000000011,14706.000000000011,42519.00342520006,9757.638853194794,28841.542689267255,11270.316566200881,99971.81068768981,100491.60317457042,340.04
209,Vila Carrão,14211,14211,42191.99720610596,9824.423897302817,12920.238040879722,12758.011787908674,81108.5418224897,80742.58209882789,440.28
210,Jardim Anália Franco,11186.000000000004,11186.000000000004,32170.002096943856,20399.728575492867,20561.46459826781,10226.499316515014,92162.49883878964,94631.00969856624,334.04
211,Vila Formosa,20725.999999999996,20725.999999999996,62161.98807099632,4729.006223365736,20495.83442976031,14894.007414272786,110104.32143225233,111366.74400287839,417.48
212,Barreira Grande,13676.000000000005,13676.000000000005,42022.00027430672,8950.87107352624,8749.523413226245,4771.604698594757,54319.77456940986,54432.56988976538,280.1
213,Aricanduva,14588.999999999989,14588.999999999989,44557.98886004235,10421.810838056299,21845.28590449146,11264.763162584813,86223.4495939773,86003.08011920522,406.17
214,Frei Mont'Alverne,8763.999999999996,8763.999999999996,26031.99666420712,12108.541587376047,12389.994399524017,4738.5389874043485,51074.09292739007,52448.01787585541,225.2
215,Vila Matilde,13295.000000000004,13295.000000000004,39194.99405000675,8214.21641725938,18172.028187242147,7490.4728041972885,73481.58737119062,74385.38343604379,330.17
216,Cidade Patriarca,13478.000000000013,13478.000000000013,40287.99751818727,11045.472035441155,12417.294214745172,7203.025893784388,69576.06332940393,70142.53653198213,336.5
217,Cidade A.E.Carvalho,11041.999999999995,11290.87096774193,33081.004326722235,7915.830372644721,10831.970569391899,7415.192254767187,64014.30742877915,64450.70906371252,265.77
218,Artur Alvim,23555.99999999998,23555.99999999998,68333.99518199332,14861.180681300251,18623.58207745574,12883.352174871032,135556.8158263361,135388.75424676624,387.27
219,Cidade Líder,17615.00000000002,17615.00000000002,54475.00163153664,8180.723143139615,17175.433197943566,10041.37174596031,92557.73307141381,92677.20897871154,347.51
220,Santa Marcelina,11000.999999999996,11727.499999999996,34510.00055669608,7238.069834596148,10732.22058879136,9289.82764161543,63230.281083006405,63154.346582754224,265.94
221,Parque Savoy,14154,14154,44415.99411954153,10126.398179184982,17768.702252835228,10192.42893643569,89533.2659329903,90184.37210468082,444.75
222,Vila Carmosina,14493.000000000011,15229.038461538474,44511.99436451612,8773.560528439099,16763.821486658875,12347.11172285083,78105.12137880095,78806.68196453365,343.76
223,Fazenda Caguaçu,8356,8356,26491.99470008861,3371.37212977558,10751.596154839874,5114.198308230558,42055.80943056013,41062.238603405836,439.53
224,Parque do Carmo,0,0,0,4257.455473720289,1818.1168354580466,0,12671.765735156312,12683.061208413343,777.43
225,Gleba do Pêssego,10178.000000000015,10178.000000000015,31818.00085338425,6822.075748837758,11991.117759592093,6039.228806832611,52437.95162488319,52215.24543757312,1028.47
226,José Bonifácio,34499.00000000005,34499.00000000005,102278.01508701866,26113.67869701763,20670.38697976469,18485.064602813145,175800.20433869702,175398.26836538417,416.53
227,Guaianases,20519.000000000004,20519.000000000004,63968.993828871855,15098.35113065427,15793.428496975841,11502.10999600545,91367.15146090499,91147.9321235957,472.34
228,Juscelino Kubitschek,14012.000000000007,14153.705882352948,44320.01546736233,8074.096214619109,8813.980760590603,5364.710090752935,59400.32128238564,60518.47431676783,418.82
229,Cidade Tiradentes,48216.999999999935,48531.38823529405,152865.9965360326,39970.88290082907,31892.831046687228,17540.608648586935,245669.1683755722,246268.59979090476,953.59
230,Santa Etelvina,25064.999999999996,25718.850000000002,77122.0184909769,23503.24746912679,13952.195845068947,10108.797502231662,121193.57731642568,119150.912750623,541.3
231,Terceira Divisão,10869.000000000004,10869.000000000004,35298.00187008566,6105.10305420396,8257.779227062634,5880.556200949217,50015.80096333785,49474.41670557865,1130.9
232,Iguatemi,13059.000000000005,13059.000000000005,42214.005071272746,13530.500843907266,9555.809968089045,7738.754510969617,74968.7460183127,75001.95569442998,503.81
233,Sítio Carrãozinho,20822.999999999996,20822.999999999996,67261.01175660256,13232.119545030337,16657.096228779803,9993.730288846662,94448.67457827201,94544.06643128065,323.28
234,Parque São Rafael,21512.000000000007,21512.000000000007,70825.99380669465,15195.478049678939,17140.274857639473,7552.890058893568,105668.79484793168,105362.96859546757,736.99
235,Rodolfo Pirani,27246.000000000004,27246.000000000004,85409.01572859107,10108.63495898565,23822.639115907063,18274.92415606526,101224.93189065426,101099.58948509005,566.04
236,Ipiranga,4706.999999999998,4706.999999999998,12057.000712042362,5438.686376428244,10920.537474529181,3845.7431824160394,42348.240371324886,42468.782142895216,91.94
237,Sacomã,3077.999999999993,3077.999999999993,8174.999367899505,1103.8381899373805,11761.457971758082,2142.5872558077363,48079.67818893789,47303.72354770207,90.34
238,Alto do Ipiranga,6986.999999999999,6986.999999999999,19260.003729836975,3208.8838818866016,11312.616091726217,4666.315010417191,43595.586118197294,43749.156039409754,160.81
239,Vila São José,5668,5668,15480.000766874988,16018.854920956477,17557.21730110376,4734.752053038493,80949.06639433958,81207.46581074772,177.55
240,Vila Monumento,7240.000000000007,7240.000000000007,19388.996314479682,4597.27739347257,19036.83159103749,6188.567328187759,55955.036333912045,56191.274342719364,165.19
241,Vila Independência,3516.000000000002,3516.000000000002,9671.99748587582,1875.0872537272317,12369.499776769866,2221.5269107329727,30083.123342436495,29567.796214623355,170.22
242,Vila Carioca,8704.999999999998,8704.999999999998,27111.994529978314,1670.39731718108,12534.521914123794,3446.9890732104045,52619.52621739953,52062.889889178114,249.11
243,Moinho Velho,16838.000000000007,16838.000000000007,44779.00483238641,16802.26408286763,20212.529873612024,11320.43729419669,93673.63207422059,93648.77813016187,347.41
244,Vila Heliópolis,20262.000000000022,22131.120000000024,62303.99495645716,3408.0053235741234,10432.629297185596,9931.710796431813,111032.07516545276,110313.4319588586,232.81
245,São João Clímaco,8652.00000000001,8652.00000000001,24591.003958895642,1694.3673749559168,6730.647065558083,4887.370728443385,32795.786942948725,33127.83614788903,198.15
246,Anchieta,10426.000000000004,10426.000000000004,29972.998843709993,13016.822079678705,7198.7983666749205,7879.873719047858,46890.387210197776,46925.07315295564,217.08
247,Vila das Mercês,33837.99999999998,33837.99999999998,98763.00892320919,17109.36341457109,21050.826957663525,19619.186544204753,199360.64433914152,200303.9534982093,468.94
248,Parque do Estado,0,0,0,0,2132.409750044235,0,5982.59526618675,5982.595266186752,445.41
249,Água Funda,15186.000000000002,15186.000000000002,46815.00929741843,4703.8035674855255,14681.275060920387,8359.261877683559,64729.00064980941,64765.96004521439,276.3
250,Jardim da Saúde,6759.000000000001,6759.000000000001,19178.998934684612,3401.6430120429586,13100.676419792524,5773.98106208342,46419.06015040781,46380.70465504195,182.94
251,Vila Gumercindo,9141.99999999999,9141.99999999999,24384.003005136397,7736.243354075063,11652.594777951923,7615.310374116482,38477.953203582474,39432.747335386885,137.19
252,Jardim Previdência,7597.999999999998,7597.999999999998,22488.998601244686,3832.2724327540946,11660.51968509404,5223.367927065687,44948.30597653643,44590.77645731539,165.81
253,Tamanduateí,1562.0000000000025,1562.0000000000025,5067.999253211626,226.81071728651904,6954.613405761869,574.4538545066197,13221.330538629029,13139.229703527726,112.99
254,Orfanato,12251.999999999996,12251.999999999996,34074.005262820254,26826.11180702642,22116.953066547423,10149.680730420996,105170.15881999805,105743.64893583208,354.26
255,Vila Zelina,22918.999999999996,22918.999999999996,65500.991728306566,12827.281183862458,21019.888619734407,20962.981418058538,129760.1860462839,129207.7994836439,492.94
256,Linhas Corrente,10271.999999999995,10271.999999999995,29469.001432401685,4468.802356776639,9469.052712984716,7053.237562789117,43340.15632703791,42531.430337122794,251.81
257,Vila Ema,15148.999999999996,15148.999999999996,44119.99051856142,6081.197433678514,8153.053250016916,9654.813203163705,60172.957208407315,60096.21721565283,267.22
258,Parque São Lucas,23421,23988.249999999996,69364.9920247584,10680.367763061626,15985.839128235111,15627.986191789185,94559.25071382093,94002.5397626835,449.68
259,Vila Cardoso Franco,12350.999999999995,12350.999999999995,37944.00026883108,4460.793145284557,10757.527891642001,7650.18823221444,48732.32763035565,48580.13329547141,163.88
260,Parque Santa Madalena,14947.999999999989,14947.999999999989,46025.001316165195,6143.678508545707,8903.166485889356,6652.92879364556,56969.34330851484,56644.97523819274,204.85
261,Jardim Colorado,18514.000000000004,18514.000000000004,56315.997795564166,7099.8558315911105,12018.352670087834,13441.46461225859,84469.98040434992,84448.73059415558,320.26
262,Teotônio Vilela,27256.000000000025,27256.000000000025,85182.01768166157,10305.779101737819,19291.86999317959,12784.99835007437,114372.12425124632,114352.43105901673,346.33
263,Fazenda da Juta,19765.99999999999,19765.99999999999,63211.99272731595,14589.481562642504,15372.029166427692,11386.626858365255,116249.12269359756,115682.0487670713,329.57
264,São Mateus,21427.999999999978,21902.05714285712,66947.98916426845,9920.653849084549,21737.654556203393,15695.279294121021,108178.43909937171,109373.47176661783,427.59
265,Cidade IV Centenário,14387.999999999996,14387.999999999996,44246.99427682174,17993.925563322933,15856.38421838588,8886.468403488645,99936.75910829581,100188.49838828004,332.58
266,Rio Claro,6094,6094,18759.002834273764,4008.309017540297,6404.729614614975,2255.7625163858593,22128.61639029053,21985.711866912294,218.36
267,Cidade Satélite,8159.000000000003,8159.000000000003,25209.002061029565,9538.708501536354,10249.525655779484,5456.59958827786,54660.32384513275,54844.4374515868,300.48
268,Joaquim Nabuco,4975.999999999996,5001.596233187416,13975.000090194797,2802.8910810532043,11066.76562781749,5223.884092367986,39785.09040156588,39784.75577814798,198.44
269,Vieira de Moraes,8525.99999999999,8525.99999999999,21459.00381851284,2470.315425065308,18353.620771327118,10426.09819974877,67022.40650408958,66337.41684009104,171.28
270,Campo Belo,3667.999999999995,3667.999999999995,9293.999967950876,1754.991251190204,9811.864986040364,4139.203480642598,27523.780523815036,27473.23461372505,138.57
271,Congonhas,0,0,0,138.90115885714312,13426.09492838278,0,22796.37466768075,22402.491993183765,179.42
272,Jardim Aeroporto,7133.999999999986,7133.999999999986,19506.002578471416,3554.4632880004283,13027.78742484282,5875.3264345972475,41279.777020638474,41859.48540084969,198.55
273,Vila Santa Catarina,21765.999999999985,21765.999999999985,61475.98522913348,7720.107525368336,27077.651111723248,16786.375510126454,118440.51677334621,119858.51182742217,325.71
274,Jabaquara,13238,13238,35825.99750386914,11566.632080650172,34389.340277103445,12528.663537144728,135925.54264603855,134492.35429824807,288.72
275,Cidade Vargas,14450.000000000011,14450.000000000011,38239.00006559921,12671.224385048028,24387.75279330611,11997.314282543846,113179.11471696066,112411.53430659544,347.45
276,Jardim Bom Clima,29889.000000000022,30452.86206896554,92604.98597893618,12335.018057981855,23391.12917045189,19580.713194088217,159941.97820341535,160340.66499409312,445.92
277,Cupecê,20572.999999999996,20784.566666666662,59452.001404345654,18696.995322704326,26289.346695930733,18642.13820013503,124162.00444748235,124376.18639251954,416.89
278,Jardim Miriam,44812.99999999998,44992.7424242424,138838.985911356,22532.12887431503,21666.367491181565,19501.56869570682,209677.86628572558,209824.24249941623,513.94
279,Vila Missionária,26668.999999999975,27459.57894736839,83502.008022913,8625.727405108992,17838.982108684628,7935.7998527471445,102021.33632298322,101767.87080752071,295.4
280,Jurubatuba,7300,7300,20114.00218777838,11244.600169244284,28167.463318355334,6565.001130966831,78494.53806001955,78828.66405180647,482.59
281,Vila São Pedro,14777.000000000011,14959.800000000012,41021.9945875476,9524.026720311645,19470.33464481257,15749.967145872259,85019.2551082388,85231.94656299266,312.58
282,Campo Grande,11639.000000000016,11749.483870967759,33789.993982929824,10041.4470937668,22802.499104992472,9296.213138753674,86888.27243386618,86725.04915674501,272.36
283,Vila Sabará,3847.000000000003,3847.000000000003,10684.002558551514,673.2968253810271,3689.087441856601,2839.983339808303,19202.324676338212,19204.27931719732,234.56
284,Mar Paulista,16660,16660,51001.00151462102,14010.631315144668,13016.850161142413,9405.10958735713,81973.85364864011,82308.08881714565,548.66
285,Pedreira,34130.99999999997,34130.99999999997,106279.9718962789,19408.80987841604,27385.85342970601,12169.6595152187,169615.08566572488,170040.70414263732,1302.69
286,Vila Socorro,3296,3352.75,9119.002014574866,4957.294017848219,19341.178702421854,2166.5983989389356,50861.092660164926,50509.300118894316,293.26
287,Parque Interlagos,9172.000000000005,9356.84582483812,27277.00431972882,7656.897452449201,14731.781504007029,8769.888343113353,70743.16769258914,69619.12357721149,935.66
288,Jardim Represa,7074.000000000001,7074.000000000001,21829.99834602735,13029.909182057945,8849.84574496283,2541.4075425623373,49834.73912921763,50035.15387445497,783.73
289,Rio Bonito,15255.000000000002,15255.000000000002,47548.999524398605,12315.24602651234,21065.277992588108,10137.279836298727,94814.32098299086,95684.8119402854,495.82
290,SESC Interlagos,17282.999999999996,17282.999999999996,56064.99259928695,8959.468809625363,9715.38561163798,7440.140257541114,89884.53850559147,90077.49516442248,736.48
291,Jardim Presidente,24258.999999999993,24258.999999999993,75809.01506450097,20927.81180701479,18070.319455687604,16337.779137673399,133198.87529012412,132646.49178475502,762.54
292,Vila Natal,20493,20493,65632.98832708102,13900.316350407978,10646.93671057158,9125.629615244945,100459.62720057889,98254.95470753915,415.09
293,Grajaú,27743.999999999993,28086.294117647052,86030.99799592966,20205.965057504112,27179.43917341134,16368.7056800848,146102.52713546393,145393.07839935424,540.7
294,Cocaia,35333.00000000003,35333.00000000003,113477.01423692828,27665.95803079791,15059.816619466763,8700.124134263835,170092.04383045962,170081.01655972633,1093.33
295,Belmira Marin,35636,36044.47398795765,114179.98980062548,26971.505521896266,19584.52778993458,22070.414011265806,169462.4039659955,169378.80826747717,1236.83
296,Bororé,1285,1285,4147.999650433871,2107.427058344959,1597.4227589469851,253.896917726785,9045.174517276391,8972.79399144367,5992.56
297,Jaceguava,950.9999999999998,950.9999999999998,2907.000257219746,357.263886543739,798.4995280074658,1150.044798995478,4098.302484538753,4332.822612723788,3512.69
298,Parelheiros,44912.99999999997,45386.49999999997,145648.01433952167,42620.897819429534,27668.109345007266,16042.92605373831,220423.5254157594,220189.6798565069,11667.08
299,Marsilac,2621.000000000001,2621.000000000001,8362.997851968083,882.1652586070061,2185.8268341156904,1671.729604696709,10429.004548485444,10130.776961909918,20795.96
300,Granja Julieta,13227.000000000011,13439.083333333345,34905.01093132669,35867.047504069786,101042.41023344957,14756.668030254505,268797.5301462668,270426.6388044582,616.88
301,Chácara Flora,4265.999999999996,4265.999999999996,12483.002002620315,4648.408933590283,18233.68620571442,6047.954658880114,50386.348527018075,49919.307160024495,452.25
302,Santo Amaro,5985.000000000004,5985.000000000004,16387.000627517817,19234.313580313225,29701.510452954095,6176.422575529801,119537.64871092612,120131.93609752515,257.11
303,Vila Miranda,3681.0000000000095,3681.0000000000095,10324.99877628607,50941.63057544033,28696.863681253002,2825.344725840247,131371.69933146067,131885.7008940321,271.15
304,Jardim São Luís,26275.99999999999,26275.99999999999,78637.99479590436,23330.62178751958,34830.15943037928,14886.334732196245,162940.26365582782,164566.50679718697,408.45
305,Centro Empresarial,42922.00000000007,44025.751591945635,127291.01084256705,30106.651677558824,26282.66420935611,20784.30519372139,207591.91331945453,206277.1029116315,675.29
306,Guarapiranga,27655.000000000025,28410.13636363639,82208.98064306137,12492.324304527883,19287.719248642763,8033.092357623629,100713.44344315371,100780.97686676877,1513.25
307,Jardim Capela,32818.99999999995,32818.99999999995,104416.02239855094,19845.843518867263,24146.185581707243,20550.20885141726,146468.06879207937,145934.78853537192,2022.05
308,Riviera,13756.00000000001,13756.00000000001,41879.00984774493,16544.71040198334,8285.019594276773,1694.3449628300489,60820.08441497569,61416.44131838995,798.79
309,Jardim Turquesa,21402.999999999985,21551.334573019012,65731.99390075126,11781.161036652475,12416.514393170879,10542.344530984454,78439.7693894431,78525.74770898954,282.87
310,Morro do Índio,9522.99999999999,9522.99999999999,28294.996368029548,4385.251097621304,8289.709082576659,2458.8837613304995,28732.672882521772,29144.243055883104,114.64
311,Jardim Ângela,29657.99999999996,29657.99999999996,88536.00234924183,24465.72478719383,16564.500421512163,11419.25786174607,150205.84460089763,152762.072088274,463.77
312,Capão Redondo,13117.999999999993,13117.999999999993,38306.894399349556,19056.181918184433,14727.805449793592,9330.858956895974,93983.18139190997,93332.05452689418,219.39
313,Jardim Sônia Ingá,8079.999999999995,8079.999999999995,24266.004712796053,8776.252190404817,5066.691246207987,4559.7130098008965,45306.820099070836,45544.427508344525,105.38
314,Adventista,34690.00000000002,34690.00000000002,105255.0157758785,34577.03736259199,27776.588860451637,12616.5965273434,186306.31669082728,186290.4474847175,545.26
315,Parque Fernanda,39698.99999999998,39864.01371336123,122442.02478569183,21275.265024166707,31102.209620374433,14758.458699220777,175071.62549073555,174826.74204575396,512.27
316,Morumbi,5710.999999999992,5710.999999999992,15559.999222195846,5526.560415329183,13917.727142226373,7731.635307800481,47000.96606749288,47728.62756738235,271.46
317,Jóquei Clube,1305.9999999999995,1327.9495798319322,4306.000823756481,1076.522101717137,7717.798752986517,2234.4120932446353,18368.34115169842,17371.895649165835,333.24
318,Fazenda Morumbi,7596.999999999985,7596.999999999985,22907.99558485947,2224.4206672232294,13046.361674822543,5236.827362110951,47831.26359098174,48145.942775534124,320.73
319,Real Parque,3035.999999999993,3035.999999999993,9014.998655265765,5350.687339842704,20403.638981114083,3689.969580534816,39853.19170770098,40060.77758025433,223.42
320,Paraisópolis,24783.99999999994,24783.99999999994,73860.99326419663,12443.949180327098,12102.278318761077,7876.239048185932,100266.0933790566,99947.95462569782,361.95
321,Jardim Vitória Régia,15862.000000000015,15862.000000000015,42795.00432633777,8125.138552948058,23344.732610358424,24226.3728231146,100031.38678958933,99828.05144783744,370.18
322,Vila Suzana,14938.000000000013,14938.000000000013,39439.99340411334,8489.50888590673,20774.76598992285,17032.462434457186,83449.22758974528,82279.154635261,300.5
323,Parque Arariba,21064.99999999998,21611.565217391286,62710.013586324196,12215.248331946133,10987.953748506961,14417.422339233732,96393.66984099206,96127.7839645409,346.59
324,Jardim Mitsutani,23063.000000000004,23063.000000000004,71350.98808701911,17782.995898624613,22540.017427322582,8929.035496109595,97554.3488980493,97998.32426245938,349.31
325,Pirajussara,13084.99999999999,13514.237037037028,40056.98999736756,17380.65161500835,11288.827415076119,7520.358563913798,87923.03189700554,88567.32784849305,270.05
326,Jardim Umarizal,16959.999999999996,16959.999999999996,51055.012310592276,9379.812320254237,11396.412710736558,9723.762379238919,65953.58085536203,64075.69100373192,294.91
327,Portal do Morumbi,6587.99999999997,6587.99999999997,19722.997556677674,1141.2959802888631,6534.803166633246,8047.867283222413,31616.161392904447,31759.80660814682,151.43
328,Jardim Jussara,8183.000000000004,8183.000000000004,22657.003689437734,6690.012116257289,15235.333097574141,10664.43392432623,51626.92253596578,53169.39471540955,231.55
329,Vila Sônia,11903.000000000044,11903.000000000044,34405.99924707997,8788.182963628838,21336.372996887727,10781.302019163591,89905.64649419815,90098.07924514354,348.44
330,Jardim Maria do Carmo,13529.000000000022,13529.000000000022,42282.0040766937,4377.103584380373,13889.184177398369,9584.990820321524,63434.40405569775,63833.01872134961,277.55
331,Jardim Cambará,13529.00000000001,13529.00000000001,42177.0082598711,7814.391244302225,13167.353590011377,8960.884464375848,70201.72612116602,70124.87599175193,480.2
332,Jardim João XXIII,13701.999999999995,13882.55555555555,43732.01337606202,13014.728689830874,13303.83389289365,9738.11482295278,81663.19070887363,81805.50131252629,467.65
333,Raposo Tavares,6690.000000000002,6690.000000000002,19964.99916291709,3844.2462956493005,8580.274653739827,4696.570581820764,34489.27940001062,34495.295703352145,271.34
334,Rio Pequeno,12117.000000000007,12117.000000000007,36683.00272237527,8248.522313324669,15380.759551757987,5575.937982356481,68189.39803042272,68377.15792577091,245.75
335,Jardim Ester Yolanda,13398.00000000001,13398.00000000001,40378.00900537174,7018.352530357297,10114.102746422595,9799.46327815163,68772.07047723749,68966.84298936563,264.93
336,Jardim Adalgiza,14942.999999999985,14942.999999999985,45584.99204864147,4162.641263609914,10316.783602317726,10309.980908497188,60761.16043679303,60524.32371870629,467.13
337,Parque Continental,8657.000000000004,8657.000000000004,22536.996525542774,6371.370640533177,15255.373860924214,7464.763449933749,52311.945680789955,52854.46507329874,226.38
338,Jaguaré,10529.00000000001,10529.00000000001,31544.007300404366,6386.671646186809,21706.548053459646,5195.537095017331,71442.70090872515,71115.22125884666,430.44
339,Cidade Universitária,0,0,0,54277.40754356736,26884.725540325988,0,89703.56188502019,89644.87484411671,584.56
340,Butantã,2846.9999999999936,3065.8390243902368,7737.99740805715,1835.7006769840145,13603.161639297186,3095.906283514172,39505.94037100173,39510.39285192412,207.11
341,Jardim Caxingui,3865.9999999999977,3865.9999999999977,10541.000443877321,3725.7110214398663,8790.116093328583,3063.5478934390703,30015.678510620513,29662.44834723675,180.08
342,Jardim Bonfiglioli,12796.999999999989,12796.999999999989,35706.99465643115,5298.417617195355,14867.237706220658,10931.746272662129,69660.20970443019,69709.85599596234,319.97
343,Melhoramentos,1181.0000000000005,1181.0000000000005,3576.9998327967824,97.88446394736843,574.8054194152047,969.3090728520755,3799.4358845814704,3778.5551701329596,2875.06
344,Caieiras,17209.000000000004,17209.000000000004,52689.99634960046,13624.850136777224,28004.635388897277,10599.592868955098,109203.84593627937,109450.34976781087,1990.04
345,Serpa,13002,13002,41145.99298403638,7968.571985078635,9840.428040514145,5771.320026942544,38673.72036508969,38673.720365089684,691.49
346,Santa Inês,0,0,0,0,378.6496233742135,0,124.9083550802389,124.9083550802389,4080.68
347,Cajamar,22993.00000000002,23599.04000000002,69567.01993336272,16610.36642038297,27940.97202645602,19952.955313445767,118232.55164717103,118149.10287520922,4855.8
348,Jordanésia,1656.9999999999995,1700.2666666666662,5011.00153101333,501.25993582182025,2794.561328571336,1415.4113731809914,9149.555539146057,9059.535197981982,8307.85
349,Cristais,0,0,0,0,257.9665313511863,0,292.31016966941223,292.31016966941223,4251.83
350,Baltazar Fidélis,21377,21377,71943.99394096831,11946.838918570431,9827.216547792654,11360.4792584453,64960.94717777579,63964.6039539971,2505.16
351,Franco da Rocha,22743.999999999993,25228.19251336898,75681.00945958901,19214.769667684264,15225.9568257449,13509.69448012869,117117.00901230937,116457.57617551132,1417.58
352,Parque do Juqueri,0,0,0,0,4932.905206807514,0,6832.927789335375,7507.1786068194615,2551.34
353,Palmares,0,0,0,0,476.2325470772809,0,378.79517236044063,378.79517236044063,2721.22
354,Sete Voltas,0,0,0,0,434.72078670769264,0,492.59609863247334,492.59609863247334,560.42
355,Afonso Moreno,19075,19075,58623.995704022265,12867.071688862758,17615.7432163875,10262.217077299041,87803.55688264438,87400.92926927881,744.81
356,Francisco Morato,33387.999999999956,33387.999999999956,105824.02115398989,24730.083704470286,14310.978427534046,11935.666773842113,131633.25032900457,131109.73890975708,1857.33
357,Cascatas,1620.9999999999993,1620.9999999999993,5221.998664139528,823.1186374024373,791.1586637997013,497.52882910894095,4794.242644558704,4778.615380898677,1758.38
358,Mairiporã,13691.99999999999,13691.99999999999,43903.99421256373,8692.229535941802,14358.331450146032,8542.823660197715,55284.88173224435,54688.249635257336,4886.1
359,Paiva Castro,5629.000000000004,5629.000000000004,17804.99539490286,1990.9405609392331,8250.915151072524,3451.786864418163,24556.224884455114,24396.04748371753,6751.3
360,Colinas,5732,5732,18078.00296543605,3169.545953078148,9922.0214638565,3786.0691028208753,27205.175654680283,27358.11180723123,5553.1
361,Pirucaia,4295.000000000002,4295.000000000002,14906.000882739743,2004.7890905585084,4834.8842529383155,2605.9424200866615,16341.429018464196,16565.461559030584,14953.5
362,Guarulhos,5117.0000000000055,5117.0000000000055,13285.000043792876,27709.353676731982,30264.166956989484,4568.746295626549,121603.4276875752,121218.83200467066,164.41
363,Macedo,14880.999999999996,14880.999999999996,41525.000782291674,16353.6060542907,34785.472285245494,10150.040831294906,127463.498854659,128781.0198584297,382.09
364,Cumbica,4172.000000000003,4172.000000000003,13419.002838433607,1443.8504018039202,27065.05645504082,1878.7014945815476,42524.41051890492,42888.073814089614,689.34
365,Várzea do Palácio,1619.000000000001,1619.000000000001,4709.001338686352,321.2555154945049,16452.84888286225,1179.4002997355876,25788.01874842405,24518.972148471414,646.76
366,Ponte Grande,10970.999999999996,10970.999999999996,31524.993973855875,6935.308003231701,37648.547457951725,9715.00944494164,97909.46021884421,96566.82898690617,874.87
367,Gopouva,10200.999999999998,10200.999999999998,27783.997359096335,4988.235186571885,11390.892422346256,9060.043170278755,50310.19092328417,49926.213651360056,202.39
368,Vila São Rafael,17772.00000000004,17772.00000000004,52057.011312831244,13385.479594286135,20825.381980572478,8085.794836169126,92873.58026166428,92983.84203124321,401.04
369,Vila Rosália,18787.000000000004,18787.000000000004,55982.99295736444,18053.13067330537,21184.735973953648,15887.925115637414,114852.98649430329,114737.1808992659,434.65
370,André Luiz,29203.999999999996,29975.799999999996,85786.00993116897,20711.501930952458,32461.155009308146,25852.878869597924,160750.10897127748,160603.2787985478,579.59
371,Jardim Santa Clara,24919.00000000002,24919.00000000002,75496.00302350364,16347.770626409423,9976.725747921959,21006.593295067563,105695.47827410958,106021.76271856674,462.74
372,Parque CECAP,22384.99999999998,22999.249999999978,66737.99472584172,12560.179039630333,13916.074912630316,14166.402995456967,102369.70431768571,102505.42516674689,471.79
373,Taboão,21778.999999999978,21778.999999999978,70679.01141657263,20519.830636413204,20586.74401340123,15588.807465998794,144841.713636514,145009.96420388963,529.11
374,Aeroporto,0,0,0,0,17785.79454586728,0,40915.7337331291,37108.567505021354,1324.93
375,Jardim Presidente Dutra,27319.000000000004,27319.000000000004,87688.98804479584,18528.17024299682,31779.641175086228,15230.050091180363,127978.91890934641,128211.45170975724,892.25
376,Baquirivu,12772.999999999995,14425.967592592586,40451.99098413029,12172.04630167997,19818.44040592261,8882.28081298678,92449.8590600967,93922.39784968206,1046.37
377,Água Chata,57841.000000000065,57841.000000000065,187611.00016859552,44791.79948901538,56986.39367172939,35991.58594608774,364740.66683484067,364271.3641455157,2422.5
378,Pimentas,31063.00000000002,31063.00000000002,98638.98302149464,18832.458232207387,38668.160170393596,18915.724956368205,133416.67528087285,132335.3280868637,1685.56
379,Cabuçu,19028,19028,60115.99648708688,8687.997431646434,13236.339376564278,10729.116846156916,91141.49940369188,91260.84752600177,752.36
380,Invernada,31384.00000000002,32107.136363636382,104648.01265232943,22066.2874130568,17487.114666095407,10296.321323858198,137190.51970996815,136591.73117570954,2194.83
381,Morro dos Macacos,0,0,0,0,0,0,0,0,3533.19
382,Chácaras Bananal,30357.999999999975,32917.67316341826,98770.96650086211,19455.128042295415,18544.59665739091,15417.59808225941,178041.4788435302,178819.12071798413,1815.89
383,Estrada de Nazaré Paulista,23447.999999999985,23447.999999999985,76800.99449099439,19291.355187277848,14757.877977087444,9772.44260391047,109918.59925594795,110383.85413178598,1215.48
384,Água Azul,8952.000000000004,9546.842105263164,28883.995210855417,6180.722589828508,9037.793663377652,4885.006688132446,49910.142636352655,49537.57468515205,3389.29
385,Vasconcelândia,0,0,0,0,452.0472590649344,0,843.8434242273127,843.8434242273127,5829.8
386,Arujazinho,1165.0000000000002,1165.0000000000002,3893.9995364285696,1071.2054909843955,4158.793817528745,675.4101350676933,10029.467526324883,10163.481734767309,4190.39
387,Arujá,23498.99999999999,24203.334298544858,76091.00145083654,19391.378842165224,30542.235049041126,14039.71027037028,131530.27837393334,128975.71731636787,3193.71
388,Fazenda Velha,1971.9999999999995,1971.9999999999995,6394.000206531928,1104.7271470460564,3180.7139432117788,1119.3801852256718,9972.424265663563,10236.521393781275,2249.46
389,Santa Isabel,13236.999999999996,13839.99415204678,40476.993915446445,8256.593591455581,16906.24994364201,5989.323607658091,76349.93191820548,76863.40976721926,3989.66
390,Jaguari,4528.000000000001,4976.7153467830985,13603.000578190156,968.9271242827683,2720.26202202815,1961.4709846461433,16383.66598890317,15756.285520495916,32425.2
391,Ferraz de Vasconcelos,26621.99999999998,26621.99999999998,82615.99344255708,23663.212894482058,19106.96610664727,15458.843946737827,109136.25066629826,112578.65004345919,991.01
392,Paiol Velho,0,0,0,0,485.3672969497492,0,977.5650447747068,977.5650447747068,1027.08
393,Santos Dumont,33179.000000000015,33179.000000000015,104804.00115635939,18238.188471721624,24782.14684441873,17044.876326340385,145005.06851566143,141809.25083912577,945.21
394,Jardim São José,6077.000000000003,6142.608695652177,20038.999208704856,2939.9759966295715,4019.3439060093533,3595.809265521608,34263.0076298105,34891.47794670548,407.85
395,Poá,29553.99999999999,29553.99999999999,93454.98296569443,26398.81294408074,30491.31442204655,12068.62310644453,147730.08649534438,147689.58888587565,1322.41
396,Itaquaquecetuba,33407.99999999998,33407.99999999998,106622.99933660877,23754.863598647975,29456.95594591799,18310.840888729614,191432.63278627835,191184.79173470847,1132.92
397,Quinta da Boa Vista,22477.999999999975,22802.056338028142,71597.99862053343,22310.263911978847,24159.48819960851,4877.425137625369,117372.18047021741,118377.45548012399,1419.81
398,Bonsucesso,34453.000000000015,34453.000000000015,110432.99013264237,23065.915228700007,23415.164360590254,18477.841529723846,151277.7802815644,151591.63404902487,3075.76
399,Pinheirinho,21758.999999999945,21758.999999999945,70562.9878403573,13018.38908163765,11849.264287115659,7926.839426091871,78384.79567716403,77878.24385815175,2650.99
400,Miguel Badra,33930.99999999999,33930.99999999999,111947.98667480715,20289.20779862212,31750.25981945804,14412.97440160231,164405.29296091726,165431.7545601947,3270.75
401,Suzano,43772.00000000001,43772.00000000001,136108.00227909265,43724.10442488985,54715.28361028491,25266.1139034624,304051.21554858156,303346.9099972218,3452.13
402,Guaió,6383.000000000002,6383.000000000002,20755.00469198964,4659.9937095799905,5380.285128254169,4653.560484261407,29495.993553812757,29495.99355381276,8721.28
403,Ouro Fino,4788.000000000002,4788.000000000002,15737.001584506936,2381.6755845801786,3908.2708792812477,2425.2034809426314,23150.294937758004,23155.65380267392,5222.79
404,Mogi das Cruzes,30232.000000000007,30232.000000000007,87648.00857193796,34733.56381959173,50733.278636930365,18321.170170468344,246083.199822767,245741.53033205884,1358.15
405,Estudantes,12461.999999999995,12461.999999999995,33892.00371009756,17327.115739420275,19179.714748749208,9718.796778812262,78612.2994363945,78505.69043423036,995.8
406,Vila Oliveira,11712.999999999993,11846.799999999992,35117.99217073621,15659.616267281232,22450.694004784746,9196.814779081942,92525.07381068381,92262.02878031752,2914.74
407,Brás Cubas,35834.99999999999,35834.99999999999,113996.97346558378,24557.967100165806,28756.425559865806,24751.66002052888,194154.65953802704,194103.27584597375,2147.95
408,Jundiapeba,14439.999999999993,14439.999999999993,47561.00315130673,8684.801032219328,16277.442373121721,5881.255820883263,64941.027051640805,66206.72598839029,2374.68
409,Jardim Graziella,5121.0000000000055,5121.0000000000055,16793.997275931302,3364.9420707736667,3981.2837290835205,2516.080395442449,24701.775180926154,24750.791417562123,3985.96
410,Itapeti,2995.999999999998,2995.999999999998,9392.0004064861,1327.5718091551523,6308.77019049807,1257.4329634293874,16627.763132039607,16522.07377929803,15936.9
411,Sabaúna,4722.000000000001,4722.000000000001,15365.000391015725,3021.6418125673003,5266.469096045983,3333.590143800942,24486.937859977268,24606.05872143656,4422.81
412,César de Souza,11986.000000000002,11986.000000000002,36330.000205884644,7344.968096031961,11213.693809766584,8567.488414564898,54897.847735452415,55292.088326220975,2932.91
413,Taiaçupeba,8124.000000000003,8124.000000000003,26705.001960453676,6349.575355939182,6169.33562768754,5157.273377489363,36468.730970601086,36468.73097060109,34359.29
414,Biritiba-Mirim,9984.000000000004,10574.444444444447,31476.99781376876,6825.930204602451,9192.553891071904,6170.848919303487,55225.04288822365,55133.661170280786,31812.79
415,Salesópolis,5233,5233,16559.003765800415,3853.9113286575075,3799.5880270190282,2795.794505731402,31692.63398511821,32178.22604833246,42596.88
416,Guararema,9154,9154,28601.00343287243,6668.1650567020415,10200.728089365864,7164.02192906581,46773.82945040221,46773.82945040223,27143.95
417,Santa Paula,16180.999999999993,16180.999999999993,43769.00171695727,11337.434141917915,24229.12068850211,13022.804800483234,111087.51094058836,110766.35187240381,294.73
418,Vila Gerti,17887.00000000001,17887.00000000001,50488.00803802919,16391.540607746287,14177.898694887266,13155.140965409124,92138.41023902458,91971.89454938885,380.18
419,Estrada das Lágrimas,12921.999999999987,12921.999999999987,37410.998420764285,17107.506170050947,17914.93151480199,8103.168826344153,95037.27703052278,94896.28603674017,360.05
420,Santo Antônio,1527.000000000001,1527.000000000001,4460.000986344077,600.4663309994021,9105.889892894156,891.8593232852584,19182.225390477863,19202.240085853842,133.88
421,São Caetano do Sul,5082.999999999996,5082.999999999996,14828.001643903764,10062.583343065518,39405.72150871006,3874.8693800418596,79322.42508993363,79502.21358900036,367.7
422,Santo André,21667.000000000022,21667.000000000022,55759.00005908377,56298.37868649288,82692.3890805597,23294.48626355312,335586.3294293187,336063.6527952088,795.2
423,Vila Gilda,11304.999999999993,11304.999999999993,31450.998781933864,5900.592631451113,9690.484757215705,10045.144231991631,48981.60445691859,49039.45785698326,291.6
424,Valparaíso,8297,8297,23801.99694962117,11961.385271197254,10900.59341703456,5143.764473769428,47964.701908650226,47250.61351081484,246.83
425,Sacadura Cabral,8752.999999999998,8752.999999999998,26843.001666972446,2339.24946280358,6880.917369410591,3422.840403344277,37228.98705263686,37228.98705263686,179.89
426,Campestre,7218.999999999998,7218.999999999998,19641.99931661641,13087.099238151315,16189.873431452233,7486.722295973757,50356.45893426745,50159.15882558204,287.09
427,Utinga,14882.999999999982,14882.999999999982,41926.011462854294,8752.09335853511,16510.532007090056,9780.994344277076,72337.751842647,72371.21069409416,566.15
428,Vila Lucinda,18049.00000000002,18259.120000000017,51991.004940250146,14097.40489795441,12174.830596970798,13704.414065757794,90994.34123516719,90790.7446925311,457.81
429,Parque Oratório,19751.999999999996,19751.999999999996,59712.0153394069,9937.30380614515,16058.53076766961,20584.601866330242,100722.85300488486,101046.01314643731,578.55
430,Parque das Nações,13590.999999999996,13590.999999999996,40869.99599806909,6185.414711154208,12528.602650779556,5081.870246892872,67808.78259460024,68141.41853900043,527.79
431,Jardim do Estádio,35635.000000000015,35635.000000000015,105757.99361334348,15100.615026618168,32500.63418171527,31133.081878546094,182665.0477463531,182334.9182408885,1142.33
432,Carijós,37828.99999999997,37828.99999999997,111442.01435929819,17294.68312243186,35763.62112410837,32187.477172728777,182025.66259007712,182380.65917942187,914.11
433,Parque do Pedroso,36761.999999999985,36761.999999999985,117905.02543249082,15823.184179420214,19947.925191723796,17818.661555495888,140093.34393582153,139038.7882805814,3164.82
434,Paranapiacaba,897,912.5714285714286,3038.9988952904646,95.7038962882483,1293.6443676401605,506.4394587265617,6371.264320437934,6225.753208388402,8465.27
435,Capuava,11895.000000000011,11895.000000000011,34163.99650418404,4850.58625433006,32783.98152750375,10102.560161512036,76102.22705165399,76230.80582197192,1957.14
436,Mauá,44489.000000000065,44489.000000000065,127883.02214744895,44339.69157946795,57134.10685331945,30161.75410352956,262716.7370435285,262833.0734674177,1131.35
437,Jardim Zaíra,53568.999999999854,53568.999999999854,167856.05385774712,28929.02897337959,37171.000139364325,25112.267799859816,231013.3362126843,233322.46536998672,1240.23
438,Barão de Mauá,31776.99999999997,31776.99999999997,95760.97392670374,21289.268161268323,20361.905968865958,18765.113658203893,123248.60657504066,122392.63780511027,604.52
439,Estrada do Carneiro,8015.999999999992,8015.999999999992,25271.998899547973,493.90025921052643,2891.8315427634384,5468.224637367016,26567.178333357166,26490.633423663672,1268.48
440,Ribeirão Pires,26817.00000000001,26817.00000000001,81235.01960891041,20737.625995104383,32150.236870687913,14918.550518754571,176417.90958602566,176394.6064344603,5256.82
441,Jardim Santa Luzia,7391,7391,22824.00187764591,3356.3944025783094,3383.639587098924,5910.5533405310525,26522.969553549556,26892.17586176742,2519.74
442,Ouro Fino Paulista,4443.000000000004,4443.000000000004,13727.997996818618,1742.2831631664476,3680.3541839812215,3533.066537998235,18231.909595286434,18621.508008149027,2156.26
443,Parque Sete Pontes,4248.999999999999,4248.999999999999,12912.99999514161,2174.2458259154246,2848.508989001126,1920.6176426664597,14437.883551482462,14478.991249301913,1886.11
444,Rio Grande da Serra,11981,11981,35591.99185848876,10535.115493182237,5630.939565867808,4316.686068641066,47290.74242771761,47464.90324186139,1756.13
445,Planalto,32863.99999999999,32863.99999999999,95481.96827780403,26073.992141864288,37657.79292116673,30433.613702318995,177985.93708699857,177778.06326413265,1109.34
446,Paulicéia,19333.00000000002,19333.00000000002,54987.99001546049,11305.724688655404,36775.876168845716,16729.655696152113,117564.42737684636,117276.45226597907,805.47
447,Rudge Ramos,16925.000000000004,16925.000000000004,44473.992850533505,24166.016539695953,25063.836360966223,16987.53432519483,104526.95157869799,105037.19151409595,470.61
448,Baeta Neves,17233,17233,45474.01114326017,23772.196596750677,31486.539524385735,15799.180759643916,138770.06477367206,139749.86325286352,535.87
449,São Bernardo do Campo,25515.999999999956,25515.999999999956,67205.01456667793,34750.78217655753,71660.58119769428,27567.911884708472,252675.72615026374,252354.3793197938,742.96
450,Montanhão,56185.999999999935,56185.999999999935,172259.99125067636,26091.981554107864,42536.16725768794,32373.960553039415,250264.2807487476,249937.73663949972,1054.93
451,Demarchi,34614.99999999997,34614.99999999997,102171.00218027392,21347.756710582995,40123.67238912749,24785.812639318545,165815.99001165156,166085.24751863384,1059.42
452,Riacho Grande,14345.00000000001,14345.00000000001,47136.99476532096,9892.290694444895,11361.4073495242,10566.96956190595,61053.23609071593,60988.68808429052,3065.46
453,Caminho do Mar,9713.999999999998,9713.999999999998,30619.989317859283,4584.140654978641,6289.379682227376,8687.23688241205,34445.28150567449,34557.008844220225,28151.71
454,Reservatório Billings,45432.999999999935,45432.999999999935,142928.97888632974,19884.874428337833,47129.22480878509,30590.52532030137,225931.12936623997,225343.50968141793,4043.04
455,Diadema,20134.99999999999,20134.99999999999,57426.004231600615,31916.67032164814,45430.507313422095,10072.859725273873,178702.22646059637,179317.7466691637,493.35
456,Jardim das Nações,33239.00000000002,33239.00000000002,99606.01271362028,19545.631464345268,31947.765144885256,19279.75771165261,166649.3946922539,167040.00421768115,591.18
457,Piraporinha,35119.00000000004,35119.00000000004,107954.98267123477,21289.066443048447,50648.717382167655,16803.747180135313,183740.30038433036,183801.5780940306,763.86
458,Vila Conceição,20364,20364,61243.008813142194,7560.324460354548,19426.912295053153,8688.903151044013,92108.31179126109,92298.85671091924,371.2
459,Eldorado,24323.999999999996,24323.999999999996,74517.01388053485,19417.426261395914,13100.720042957682,7526.722118918596,83883.10094990833,82583.55634734547,866.88
460,Taboão da Serra,20200.000000000007,20677.565217391315,59134.98701053222,23165.97728966753,33351.017800575195,18625.137107726012,124323.13058830124,124760.28433259387,526.97
461,Jardim Irapuã,15848.999999999987,15848.999999999987,48078.99941681652,8021.779867434387,14888.904629724992,9629.759096483564,78318.27983282178,77725.69217963991,406.71
462,Parque Pinheiros,31320.999999999967,31320.999999999967,100970.98142156086,16325.589418053225,17793.1051052185,17458.184685661232,147085.052962102,148629.08071888884,723.48
463,Parque Industrial,20618.999999999985,20618.999999999985,66834.00272707938,18521.09438579152,18392.195847941603,9732.163847513782,117018.68018179928,114542.66111709492,386.21
464,Santo Eduardo,23135.000000000004,23135.000000000004,72697.98617504061,17328.01311736442,16506.726753707917,13400.54487996012,116761.54153800794,115711.38271588713,318.72
465,São Marcos,35640,37367.433333333334,116026.02653252284,27076.89194785534,16161.859239712254,28796.889509839726,186860.24757970302,186180.03437080063,1868.03
466,Embu das Artes,17535.99999999999,17535.99999999999,55726.00592891261,20376.559859787667,38482.808227842994,7963.2524660371255,137720.79368546928,137821.18180751934,1469.34
467,Ressaca,6294.000000000003,6294.000000000003,19596.99654765139,3940.123307918253,10786.93246266616,5089.438377068444,32978.820469020764,33095.04487423619,3398.73
468,Itapecerica da Serra,46676.99999999996,46676.99999999996,152618.02321035217,38791.2231591918,47801.16869479628,24690.389403926718,259992.22746266908,257785.5509871301,7478.56
469,Jardim Petrópolis,1764.0000000000005,1764.0000000000005,5258.001336515702,793.0562209123988,1352.7169449910543,1696.4474671504868,6658.069730153766,6702.080711579867,4132.43
470,Embu-Mirim,2434.9999999999995,2434.9999999999995,7934.00118489523,812.2694417537688,4993.995445063911,1339.2717504634616,15227.300277839067,15174.037275907584,3509.86
471,São Lourenço da Serra,5084,5213.038461538462,15204.998583579367,2875.8720377178147,5366.748729771807,3893.3473096201797,20143.052354105952,20250.79856095092,18674.34
472,Embu-Guaçu,12720.00000000001,12720.00000000001,39957.99960228649,10818.70126704485,14009.429529577188,9885.228532818372,71736.9531609699,71277.59970361616,7756.92
473,Cipó,6519.999999999998,6519.999999999998,20953.00444831972,4449.280503739721,3841.583317541018,4039.105333892407,25516.594692335933,25445.70783141063,2226.59
474,Santa Rita,1942.0000000000005,1942.0000000000005,5950.9991650731745,1411.6524549811884,2293.284130843847,1614.3546988023443,8766.345831742843,8837.66443204947,5614.14
475,Juquitiba,9966.999999999996,9966.999999999996,29995.003405619078,7153.798676588925,9420.21056112467,7230.185198809858,43859.52846252574,44216.72457848912,52333.22
476,Barueri,27120.00000000003,27120.00000000003,82966.98700530216,25846.964316968453,49714.80877359506,15788.281156811105,174819.08271227396,175671.6127093144,1469.12
477,Aphaville,15103.999999999998,15580.199999999999,46305.005134750965,22530.952174407837,30825.521152536578,18565.774737653643,119521.96676051813,117814.56536086486,1201.4
478,Tamboré,0,0,0,2435.758743471027,83769.40820035926,0,127517.72385235364,128634.74280969458,890.13
479,Antônio João,0,0,0,2267.638665321782,6748.619071231975,0,15700.267182501575,15700.267182501571,593.61
480,Vutopoca,13421.999999999993,13421.999999999993,42050.00682614735,12734.646066930803,8529.370335984344,7267.887572368707,62026.38320840876,62098.52749123731,473.35
481,Jardim Silveira,20639.999999999993,20639.999999999993,64789.99708624904,20173.296971149095,19618.714389548768,13507.65525828075,107119.78882795287,106986.74331213854,312.03
482,Jardim Belval,6353.9999999999945,6353.9999999999945,19794.000508581194,6248.961969482887,11137.81898648744,2853.6412505863696,42616.182003175054,42480.56843541635,350.02
483,Morada dos Lagos,1086,1086,3319.0006057916667,750.2870381949078,5479.632769319752,1459.3360514928922,12005.080169203395,12062.69997864748,1293.93
484,Cidade Ariston,41987.99999999995,42793.976744185995,131693.00326110766,18224.61758109336,19729.94529029147,19418.143493956188,149251.78706650386,149495.9909883603,790.35
485,Carapicuíba,37827.00000000004,38607.25000000004,110672.99770188594,36457.24477163248,26287.370112942084,23892.301632643645,194578.71973420342,193315.47428380093,776.67
486,Jardim Planalto,21991.000000000007,21991.000000000007,69643.99993825812,13239.60073514205,18951.72795397194,12733.918193355825,115833.73518848476,115650.85254708819,422.4
487,Aldeia de Carapicuíba,10757,11048.074074074075,33782.99011624677,4739.5939459149295,7849.246366107526,7885.631680917019,42351.23836549913,42727.49426348753,572.62
488,Estrada do Jacarandá,13183.999999999989,13183.999999999989,43647.992199544395,9916.641201796787,8532.77002950048,11039.705299332123,67579.8525683998,66768.98903956791,900.41
489,Osasco,1723.9999999999984,1723.9999999999984,4455.000077053659,12446.499168216775,23774.155267355665,1345.4018263314422,90108.85385684343,90864.15204950362,188.93
490,Vila Yara,4394,4394,11521.998564024945,15643.414532410443,26788.095504703953,3349.1885152601863,73794.47209821118,73664.96348951026,243.57
491,Bussocaba City,12599.999999999996,12599.999999999996,36899.99454767115,12134.510780281522,15880.547244282867,15748.386945779357,73308.08327516688,69545.68489365248,469.51
492,Nova Granada,21333.999999999985,21333.999999999985,60262.00904672504,21870.286895479767,35062.2427897862,19067.184358261664,159326.9598784302,159429.5011326706,546.33
493,Recanto das Rosas,9150.999999999995,9150.999999999995,31030.997751313178,3265.5910110307323,5590.7356029912135,6129.50957402444,35751.213668642056,35457.44055200547,389.45
494,Jardim Novo Osasco,20615.000000000004,20859.333333333336,63563.013419473544,8938.095052167439,8284.202256035162,15534.142471583702,86288.32393604555,84754.93694832192,354.18
495,Jardim Veloso,38826.99999999992,38826.99999999992,121969.00304736193,24777.97174579759,24915.49184014903,26068.291786956284,148756.24671186449,150647.5795491917,678.57
496,Quitaúna,23961.000000000004,23961.000000000004,72058.99001624422,11115.828206649574,15902.044225487924,16755.41346967254,110144.9841255112,111941.08660992107,552.51
497,Jardim Piratininga,4242.000000000001,4293.176470588235,12790.003086753222,2176.5441915188235,4860.490667320048,3072.273311754695,21928.81046085459,21799.780519305525,350.75
498,Presidente Altino,4114.000000000001,4114.000000000001,11599.997845219747,2889.116144001298,17315.230863800145,2465.79867158537,47188.22349411254,47377.53943815236,247.56
499,Munhoz Junior,41453.00000000002,42479.87961789022,129339.98513385806,22302.26081187788,20876.301947253167,25526.10635748238,159839.8334620662,160212.20980615134,722.7
500,Rochdale,15732.000000000007,16768.19047619048,49817.012428688475,9736.811100739991,16028.129685329302,7703.178406198752,78049.9028262753,77831.31963490407,366.25
501,Mutinga,17138.000000000007,17138.000000000007,51302.00399033151,18616.310651577714,14369.658750573475,12244.562128714993,95810.68542645262,96262.4312801242,442.02
502,Três Montanhas,6338.999999999996,6595.354545454542,20742.00288015848,1993.5413463069483,21946.29786897517,4181.742225256969,46045.121696154834,45940.41228641064,957.92
503,Ribeirão Itaqui,2010.9999999999989,2010.9999999999989,5903.001881641955,808.6647016567515,9719.552389595925,1563.3970867538412,27045.247005928457,27319.399519606417,356.79
504,Jandira,35994.000000000015,35994.000000000015,106308.02320733169,19188.955723775012,22136.488868121647,21450.613830510192,149366.08481131736,149295.46291982481,680.44
505,Ribeirão das Pombas,2575.999999999998,2596.2999999999984,7933.000740989884,1558.955824597737,1362.774726413666,4580.682349515652,10032.66469751179,9962.268048458029,712.09
506,Granja Viana,11014.000000000013,11014.000000000013,33260.99788063578,8730.00741268384,28529.36502520755,12516.958522957462,81391.94912518747,80306.08852390344,1639.63
507,Fernando Nobre,7443.000000000005,7533.037037037042,23325.003452152072,3032.6117511247194,26012.60645455016,9090.850602504539,55758.03118377792,55937.24840227686,1976.97
508,Cotia,43725.99999999997,43725.99999999997,138852.98990113102,35387.89381685623,47510.989544938886,32178.767802357565,244646.8361921589,245657.83723565188,8045.11
509,Capueira,1700,1700,5504.9989657135575,685.8884789976906,1612.664752813128,856.7813158302121,6891.489223678771,6926.673265549976,2229.93
510,Caucaia,0,0,0,0,52.08861421739127,0,0,0,10265.92
511,Caucaia do Alto,10831.000000000002,10831.000000000002,36115.99066496692,7604.45660041809,11172.762640258945,6609.367285726281,57757.81104607739,57516.95994156024,8316.36
512,Vargem Grande Paulista,15763.000000000004,15763.000000000004,50556.99002482933,11762.137266003132,17806.644433752885,12278.423767797076,96142.55835481762,96244.74289613959,4257.94
513,Quatro Encruzilhadas,1199.9999999999998,1199.9999999999998,3587.0008106209634,50.915287803278666,534.2856737501241,1364.3932685578527,2968.1007372641957,2916.323908005924,2101.43
514,Itapevi,33436,33436,104625.99671307503,21137.02928636811,26504.80766639526,16058.915095484354,156888.74286350238,158308.60156470363,1070.03
515,Amador Bueno,38079.00000000001,38079.00000000001,120821.00820568492,26727.304102825736,25161.95360051941,21339.367849300314,154950.31749767254,154298.34655241988,5113.23
516,Santana de Parnaíba,41864.00000000004,41864.00000000004,131607.97884862698,32126.352595596836,48247.730904481155,42320.33676067998,213606.75245236076,214741.5855051297,18034.76
517,Pirapora do Bom Jesus,5614,5614,18107.00330380031,3417.0843494253254,5142.68978663092,2857.938903072193,22919.90685705871,22927.23443879601,10876.89
